CUST_ID	3
EMAIL	7
HARD_CARD_NUM	5
LANDLINE	2
MEMBER_ID	4
MOBILE	1
ONLINE_ID	8
OPENID	6
ORDER_ID	4
PAY_TREASURE_ACCOUNT	8
QQ_ACCOUNT	8
SessionID	6
TAOBAO_ACCOUNT	8
TRADE_NUMBER	4
WEIBO_ACCOUNT	8
WEIXIN_ACCOUNT	8